{
    "counter": {
        "ACTIVE": 18051,
        "INACTIVE": 2949,
        "INVALID": 0,
        "MALICIOUS": 0,
        "SANE": 0,
        "VALID": 0,
        "total": 21000
    },
    "percentage": {
        "ACTIVE": 85.95714285714286,
        "INACTIVE": 14.042857142857143,
        "INVALID": 0.0,
        "MALICIOUS": 0.0,
        "SANE": 0.0,
        "VALID": 0.0,
        "total": 100.0
    }
}