{
    "counter": {
        "ACTIVE": 18946,
        "INACTIVE": 2054,
        "INVALID": 0,
        "MALICIOUS": 0,
        "SANE": 0,
        "VALID": 0,
        "total": 21000
    },
    "percentage": {
        "ACTIVE": 90.21904761904761,
        "INACTIVE": 9.789343246592317,
        "INVALID": 0,
        "MALICIOUS": 0,
        "SANE": 0,
        "VALID": 0,
        "total": 100.00839086563994
    }
}