{
    "counter": {
        "ACTIVE": 16291,
        "INACTIVE": 4708,
        "INVALID": 1,
        "MALICIOUS": 0,
        "SANE": 0,
        "VALID": 0,
        "total": 21000
    },
    "percentage": {
        "ACTIVE": 77.57619047619048,
        "INACTIVE": 22.421182969806647,
        "INVALID": 0.005470758794244762,
        "MALICIOUS": 0,
        "SANE": 0,
        "VALID": 0,
        "total": 100.00284420479137
    }
}