{
    "counter": {
        "ACTIVE": 17863,
        "INACTIVE": 3137,
        "INVALID": 0,
        "MALICIOUS": 0,
        "SANE": 0,
        "VALID": 0,
        "total": 21000
    },
    "percentage": {
        "ACTIVE": 85.06190476190476,
        "INACTIVE": 14.938095238095238,
        "INVALID": 0.0,
        "MALICIOUS": 0.0,
        "SANE": 0.0,
        "VALID": 0.0,
        "total": 100.0
    }
}