{
    "counter": {
        "ACTIVE": 18413,
        "INACTIVE": 2587,
        "INVALID": 0,
        "MALICIOUS": 0,
        "SANE": 0,
        "VALID": 0,
        "total": 21000
    },
    "percentage": {
        "ACTIVE": 87.68095238095238,
        "INACTIVE": 12.329615861214375,
        "INVALID": 0,
        "MALICIOUS": 0,
        "SANE": 0,
        "VALID": 0,
        "total": 100.01056824216676
    }
}