{
    "counter": {
        "ACTIVE": 18775,
        "INACTIVE": 2225,
        "INVALID": 0,
        "MALICIOUS": 0,
        "SANE": 0,
        "VALID": 0,
        "total": 21000
    },
    "percentage": {
        "ACTIVE": 89.4047619047619,
        "INACTIVE": 10.60432751882566,
        "INVALID": 0,
        "MALICIOUS": 0,
        "SANE": 0,
        "VALID": 0,
        "total": 100.00908942358755
    }
}