{
    "counter": {
        "ACTIVE": 19162,
        "INACTIVE": 1838,
        "INVALID": 0,
        "MALICIOUS": 0,
        "SANE": 0,
        "VALID": 0,
        "total": 21000
    },
    "percentage": {
        "ACTIVE": 91.24761904761905,
        "INACTIVE": 8.759889429034411,
        "INVALID": 0,
        "MALICIOUS": 0,
        "SANE": 0,
        "VALID": 0,
        "total": 100.00750847665347
    }
}