{
    "counter": {
        "ACTIVE": 18702,
        "INACTIVE": 2298,
        "INVALID": 0,
        "MALICIOUS": 0,
        "SANE": 0,
        "VALID": 0,
        "total": 21000
    },
    "percentage": {
        "ACTIVE": 89.05714285714286,
        "INACTIVE": 10.952244781241063,
        "INVALID": 0,
        "MALICIOUS": 0,
        "SANE": 0,
        "VALID": 0,
        "total": 100.00938763838393
    }
}