{
    "counter": {
        "ACTIVE": 16530,
        "INACTIVE": 4469,
        "INVALID": 1,
        "MALICIOUS": 0,
        "SANE": 0,
        "VALID": 0,
        "total": 21000
    },
    "percentage": {
        "ACTIVE": 78.71428571428571,
        "INACTIVE": 21.281965807895613,
        "INVALID": 0.008147303242626691,
        "MALICIOUS": 0,
        "SANE": 0,
        "VALID": 0,
        "total": 100.00439882542395
    }
}