{
    "counter": {
        "ACTIVE": 18506,
        "INACTIVE": 2494,
        "INVALID": 0,
        "MALICIOUS": 0,
        "SANE": 0,
        "VALID": 0,
        "total": 21000
    },
    "percentage": {
        "ACTIVE": 88.12380952380953,
        "INACTIVE": 11.886378800876942,
        "INVALID": 0,
        "MALICIOUS": 0,
        "SANE": 0,
        "VALID": 0,
        "total": 100.01018832468647
    }
}